"Name","Topic","Abstract","Short discription","YouTube Video Link","Document","ID","Created Date","Updated Date","Owner","Seminar","Short Description-1","slug","RuthManorLectures_lecture"
"Edi Pavlović","Proof Theory Tutorial (i): Sequent calculi and their properties","The purpose of proof theory is to build well-behaved proof systems. In this first session, we introduce sequent calculi, discuss what properties make them behave well, outline how to obtain them, and explore their roles in mathematical logic.","Introduction to the basics of sequent calculi, focusing on key structural features and motivations.",,,"01a3ab9d-931d-4ead-822d-954c18c61d67",2025-03-14T12:33:46Z,2026-08-10T17:53:53Z,"a34441b1-7f31-46ec-96f6-151996c45e08","[""93581b61-02a0-440c-b71c-e73f86690628""]",,,
"Norbert Gratzl","Living Within One’s Means, Take 2","This talk presents a particular view on potential infinity that builds essentially on a generative process, taken seriously as the foundation for which arithmetics are justifiable. We also present correspondences to modal logics, showing what kinds of modal arithmetics arise under this constrained perspective on potential infinity.","Exploration of a generative account of potential infinity, its consequences for arithmetic, and the related modal frameworks that emerge from this standpoint.",,,"051fc3f9-f775-44b6-be8f-878bfe958f83",2025-03-14T12:33:46Z,2026-08-10T17:53:53Z,"a34441b1-7f31-46ec-96f6-151996c45e08","[""93581b61-02a0-440c-b71c-e73f86690628""]",,,
"Edi Pavlović","Proof Theory Tutorial (iii): Geometrization","Continuing from the previous sessions, we look at how to employ proof-theoretic methods—without losing the well-behaved features we worked hard to preserve—in philosophical and foundational discussions. We introduce geometrization, a process that, despite its name, has nothing to do with geometry but allows for careful transformation of proof systems.","Extending proof-theoretic techniques to broader philosophical questions via a transformation method called geometrization.",,,"1b424dba-2712-46ca-91ec-d5f06e88a890",2025-03-14T12:33:46Z,2026-08-10T17:53:53Z,"a34441b1-7f31-46ec-96f6-151996c45e08","[""93581b61-02a0-440c-b71c-e73f86690628""]",,,
"Paolo Mancosu","How many points are in a line segment? From Grosseteste to numerosities.","In his commentary on Aristotle’s Physics, Robert Grosseteste (ca. 1175-1253), Oxford theologian and Chancellor of the University, wrote: “Moreover, [God] created everything by number, weight, and measure, and He is the first and most accurate Measurer. By infinite numbers which are finite to Him, he measured the lines which He created. By some infinite number which is fixed and finite to Him, He measured and numbered the one-cubit line; and by an infinite number twice that size, He measured the two-cubit line; and by an infinite number half that size, He measured the half-cubit line.” In Grosseteste’s account the numerosity of the points in a finite line segment covaries with the length of the line segment. This position gave rise to an interesting number of debates in the XIIIth century especially as a consequence of a challenge raised by the Oxford theologian Richard Fishacre (1205-1248) who set up a one to one correspondence between the points in line segments of different lengths. I will reconstruct some aspects of this medieval debate, connect it to later intuitions (Bolzano and Cantor), and then discuss recent results from the theory of numerosities to the effect that the counting of points in a line segment preserving the part-whole principle is compatible with Lebesgue measure. I conclude that Grosseteste’s intuitions can find a suitable mathematical implementation.",,,,"1c12708e-a2c3-48a9-b751-e265dc62950f",2025-11-13T09:42:25Z,2026-08-10T17:53:53Z,"19073a90-ce5e-44e4-8704-45403682df10","[""7329cc53-62be-4f03-b64c-4b8fa1c86420""]",,,"[""1384418b-d825-4f9a-a0cf-f34c6ad24ae8""]"
"Ofra Rechter","‘Mathematical Intuition’ from a Critical point view","This session offers a critical exploration of mathematical intuition, examining the ways in which intuition is characterized in mathematical practice and discussing potential philosophical critiques and limits.","A critical analysis of the notion of mathematical intuition, investigating both historical and contemporary viewpoints.",,,"1d7531c1-a937-44cc-881c-0b67f6e63b63",2025-03-14T12:33:46Z,2026-08-10T17:53:53Z,"a34441b1-7f31-46ec-96f6-151996c45e08","[""93581b61-02a0-440c-b71c-e73f86690628""]",,,
"Nenad Smokrović (Rijeka)","Game Theory and Decision Theory in Philosophy and Logic – Part I",,,,,"22b352ff-418c-46d2-89d2-80a49d38e8e7",2025-11-13T09:56:07Z,2026-08-10T17:53:53Z,"19073a90-ce5e-44e4-8704-45403682df10","[""59e1d5fd-7a17-4db7-a652-ffcefdce5ff7""]",,,
"Edi Pavlović (Bayreuth)","Game Theory and Decision Theory in Philosophy and Logic – Logic of agency",,,,,"2537fc58-8a5e-4ff4-a15e-af2c63419074",2025-11-13T09:56:07Z,2026-08-10T17:53:53Z,"19073a90-ce5e-44e4-8704-45403682df10","[""59e1d5fd-7a17-4db7-a652-ffcefdce5ff7""]",,,
"Ante Debeljuh","Knowledge and Belief in Distributed Systems","""Epistemic and doxastic logics were developed as a way of talking about knowledge and belief attribution in the most abstract of settings. Hintikka’s endeavour (1963) resulted in this domain-specific formalism reflecting the behaviour of epistemic and doxastic notions within its theoretical framework. The basis for this development was modal logic with intensional semantics, which allowed the theorists to construct the notions of knowledge and belief through relational structures. The theorists’ attempts of calibrating the formalism to fit the epistemic theory and vice versa resulted in what we now know as epistemic modelling. Keeping this in mind, there appeared quite a few of theoretical frameworks that diverged in the way that the basic constituents of epistemic models were defined. The earlier attempts were predominantly language-based, which used structures such as sentences to play the part of the basic units of the model. I will use Stalnaker’s paper The Problem of Logical Omniscience I to elaborate a bit on the model he dubbed The Sentence Storage Model in order to examine some prominent issues the theorists encounter when constructing a language-based model. Some later attempts of constructing a non-linguistic model were inspired by computer sciences and developed into proper epistemic models that avoided many of the problems that the language-based models encountered. Stalnaker wrote another paper named On the Logics of Knowledge and Belief, in which he discusses such attempts of model building. The specific framework for modelling that I intend to discuss in my talk is called Distributed Systems Modelling (DSM), that adapts the way of talking about interconnected processors within a computer network into an externalist epistemic model. I intend to show how we can adapt the language that epistemic logics use to talk about knowledge and belief to the DSM jargon in order to show how this way of conceptualizing epistemic situations can be a useful theoretical instrument. Furthermore, I intend to talk about the interrelationship between knowledge and belief within such structures as DSMs, as not all logics used in epistemic modelling are capable of defining them discretely. I intend to skim through some formalisms such as S4, S4.2, and S5 in order to show how this interrelationship can be defined.""",,,,"271cbb7b-c1d1-4a45-95f7-596f04ca41b8",2025-01-01T21:14:55Z,2026-08-10T17:53:53Z,"a34441b1-7f31-46ec-96f6-151996c45e08","[""35ba4779-456a-4e6c-adcc-e8d34bbfa4ec""]",,,
"Nenad Smokrović (Rijeka)","Game Theory and Decision Theory in Philosophy and Logic – Part II",,,,,"29397a2b-4629-456b-8d28-ac48138cea4a",2025-11-13T09:56:07Z,2026-08-10T17:53:53Z,"19073a90-ce5e-44e4-8704-45403682df10","[""59e1d5fd-7a17-4db7-a652-ffcefdce5ff7""]",,,
,,,,,,"32b55f51-5786-460c-88bf-2d57464e6c86",2025-11-20T11:32:50Z,2026-08-10T17:53:53Z,"19073a90-ce5e-44e4-8704-45403682df10",,,,
"Zvonimir Šikić (Rijeka)","Philosophy of Mathematics Essentials – Transfinite numbers and their mathematics",,,,,"3636f267-de79-41f2-8e82-d94d732fe23c",2025-11-13T09:56:07Z,2026-08-10T17:53:53Z,"19073a90-ce5e-44e4-8704-45403682df10","[""59e1d5fd-7a17-4db7-a652-ffcefdce5ff7""]",,,
"Edi Pavlović (Bayreuth)","Game Theory and Decision Theory in Philosophy and Logic – Action and obligation",,,,,"36965179-fb9e-428b-8e04-7197fe93d6f6",2025-11-13T09:56:07Z,2026-08-10T17:53:53Z,"19073a90-ce5e-44e4-8704-45403682df10","[""59e1d5fd-7a17-4db7-a652-ffcefdce5ff7""]",,,
"Giulio Fellin","Double negation shifts as conservation criteria","The double negation shift (DNS) is crucial for extending Glivenko’s theorem from propositional to first-order logic. It demonstrates that classical predicate logic is conservative over intuitionistic logic when combined with DNS. We discuss abstracting Glivenko’s theorem beyond double negation and provability, requiring certain closure conditions on inductively generated proof systems. Among the critical rules for obtaining such conservativity are the right rules for implication and the universal quantifier, highlighting the DNS-like criteria that enable generalizations.","Investigation of DNS as a key to understanding when classical logic remains conservative over intuitionistic logic, offering insight into broader conservativity results.",,,"3743b615-e1f9-4a1e-a04d-b0c0846d52cf",2025-03-14T12:33:46Z,2026-08-10T17:53:53Z,"a34441b1-7f31-46ec-96f6-151996c45e08","[""93581b61-02a0-440c-b71c-e73f86690628""]",,,
"Nenad Smokrović","Tutorial – Modality and Logical Omniscience","An introduction to modal epistemic logic and its intersections with philosophy (particularly epistemology). We discuss the logical omniscience problem—the puzzle that agents modeled in epistemic logic seem to know all logical consequences of what they know. We then explore standard Kripke-style semantics for modal operators and survey attempts to solve or sidestep the problem of logical omniscience.","A gentle entry into modal epistemic logic, focusing on the logical omniscience problem and how different approaches attempt to mitigate it.",,,"48177220-779f-4886-9c24-a7feaea3ebe7",2025-03-14T12:33:46Z,2026-08-10T17:53:53Z,"a34441b1-7f31-46ec-96f6-151996c45e08","[""93581b61-02a0-440c-b71c-e73f86690628""]",,,
"Volker Halbach","Modal Predicates","""I can talk about modal predicates, i.e., the formalization of modal notions as predicates rather than operators as in modal logic. This talk could have a fairly easy part and might get students interested.""",,,,"54a7cfc2-b030-47c7-b9de-12260bacc61b",2025-01-01T21:14:55Z,2026-08-10T17:53:53Z,"a34441b1-7f31-46ec-96f6-151996c45e08","[""35ba4779-456a-4e6c-adcc-e8d34bbfa4ec""]",,,
"Assaf Kfoury","Mathematical Logic in Computer Science","""The talk focuses on the relationship of mathematical logic and computer science -- or, at least, theoretical computer science because there are parts of computer science today (for example, what is called human-computer interaction) which are totally unrelated to mathematical logic.""",,,,"563dff49-3da2-4e75-b4a1-c44317df1fe1",2025-01-01T21:14:55Z,2026-08-10T17:53:53Z,"a34441b1-7f31-46ec-96f6-151996c45e08","[""35ba4779-456a-4e6c-adcc-e8d34bbfa4ec""]",,,
,,,,,,"5cfc3bc4-8569-4729-8ab7-dab5c460860a",2025-11-20T11:33:03Z,2026-08-10T17:53:53Z,"19073a90-ce5e-44e4-8704-45403682df10",,,,
"Michael Glanzberg","Logic and Logics in Natural Language","""We live in a sea of logics, of many sorts, including sub-classical logics, sub-structural logics, extensions of classical logic, and so on.  What sorts of logics can we find in natural language, and to what extent can our own languages be a guide to what the right logic is?  Building on earlier work, this paper argues that natural language does not provide us with any logic directly. Even so, looking at natural language and idealizing appropriately can lead us to many logics, of many sorts.  This paper goes on to argue that there are limits to what logics we can find in this way, and that some sub-structural logics will fail to emerge from a good idealization process, even though they are closely related to forms found in natural language. Hence, we can find many logics if we look at language, but there are some hard limits to what we can find.""",,,,"5d0483fa-251e-4743-9258-95ca4a8db40b",2025-01-01T21:14:55Z,2026-08-10T17:53:53Z,"a34441b1-7f31-46ec-96f6-151996c45e08","[""35ba4779-456a-4e6c-adcc-e8d34bbfa4ec""]",,,
"Saša Popović","From the MaxPhil Notebooks: Gödel’s Cantorian Set-Theoretical Monadology","""Kurt Gödel maintained a profound interest in Leibniz’s mathematical and philosophical writings during the greater part of his lifetime. The earliest evidence of his study of the Gerhardt edition of Leibniz’s mathematical writings comes already from 1929 (the relevant library slip is preserved in the GN folder 5/57, 050173), and most scholars agree that even after Gödel’s ‘phenomenological turn’ to Husserl in 1959, he still adhered to a more-or-less Leibnizian approach not only in logic and the foundations of mathematics but also in metaphysics (see, e.g., Van Atten & Kennedy 2003 and Rescher 2020). The recollections of Karl Menger and the reports of Hao Wang also attest to this fact, as does the great number of preserved notes and other unpublished handwritten material from Gödel’s Nachlass. Most interesting documents in this regard are the so-called MaxPhil notebooks (Maximen Philosophie) written between 1938 and, approximately, 1955, in which we may find an increasing number of references to Leibniz’s papers as well to the secondary literature devoted to Leibniz starting from 1943–46, especially in the MaxPhil X, XI, and XIV. The 130 pages long MaxPhil XIV written over a period of almost ten years (1946–55) may be taken as a programmatic treatise which serves as direct textual evidence of Gödel’s unrealised project of developing an extensive metaphysical system based upon Leibniz’s monadology, intertwining logic, mathematics, physics, and rational theology (cf. Crocco 2013). In this talk I wish to comparatively analyse, from a historico-philosophical point of view, Gödel’s project with the similar earlier attempt of Georg Cantor to establish a system of monadological metaphysics from the 1880s. However, this immediately turns out to be quite a challenging task due to the fact that “there is no conclusive evidence, either in his published or his unpublished work, that Gödel had read, meditated upon or drawn inspiration from Cantor’s philosophical doctrines.” (Ternullo 2018) But, upon comparing the contents of Cantor’s and Gödel’s monadology, the similarities between the two theories are quite striking: both take Leibniz as their starting point, both are informed by the relevant mathematical, i.e., set-theoretical insights, both are motivated by theological concerns, etc. Furthermore, Cantor and Gödel were both rationalists, they both endorsed actual infinity in mathematics, and they both subscribed to some form of mathematical Platonism or realism (mixed with hints of idealism). Since so many coinciding views can hardly be a product of mere chance, I will seek to uncover Cantor’s and Gödel’s respective motives and possible sources of inspiration, and to study these within wider historical, philosophical, and mathematical context. In the first part of the talk, I will cover Gödel’s study of Leibniz’s papers, as well as his references to Leibnizian ideas in both his published and unpublished works. I will then turn to Cantor’s 1885 Acta Mathematica paper, underlying the philosophical and other non-mathematical aspects and motivations behind his introduction of set theory and a novel, anti-Aristotelian theory of the continuum. Finally, I will compare Cantor’s and Gödel’s attempts at developing set-theoretical monadology, showing that Gödel arrived at a theory practically identical to Cantor’s, independently of any previous insight into what Cantor published more than half a century before him.""",,,,"62bbe71f-70ec-42b1-aa6e-d72df272987d",2025-01-01T21:14:55Z,2026-08-10T17:53:53Z,"a34441b1-7f31-46ec-96f6-151996c45e08","[""35ba4779-456a-4e6c-adcc-e8d34bbfa4ec""]",,,
"Richard Zach","Hilbert, consistency proofs and epsilon-0","A fuller look at Hilbert’s program, examining how consistency proofs were envisioned to secure the foundations of mathematics, and focusing on the special role of the ordinal epsilon-zero. We consider how epsilon-0 arises in key consistency arguments and its significance in proof theory.","Overview of Hilbert’s foundational goals, the epsilon substitution method, and how the ordinal epsilon-0 fits into the enterprise of proving consistency.",,,"6a036ebb-ae27-4c60-8a54-b6fb5298390a",2025-03-14T12:33:46Z,2026-08-10T17:53:53Z,"a34441b1-7f31-46ec-96f6-151996c45e08","[""93581b61-02a0-440c-b71c-e73f86690628""]",,,
"Michael Rathjen","Searching for the ideal framework","<p class=""font_8"">""Proofs in mathematics often have a narrative quality to them, taking the reader on a long journey. Sometimes the reader has to wait for new mathematical characters (like imaginary numbers) to be created so the journey can be continued. Hilbert called these novel characters ideal elements. His conservation program was the idea that, while being important for the advancement of mathematics, ideal elements should be eliminable from proofs of concrete mathematical theorems. Investigations by a long list of mathematicians/logicians (e.g. Weyl, Hilbert, Bernays, Lorenzen, Takeuti, Feferman, Friedman, Simpson to name a few) have shown that large swathes of ordinary mathematics can be undergirded by theories of fairly modest consistency strength. This confirms what Hilbert surmised in his program, namely that elementary results (e.g. those expressible in the language of number theory) proved in abstract, non-constructive mathematics can often be proved by elementary means. The best known program for calibrating the strength of theorems from ordinary mathematics is reverse mathematics (RM). RM's scale for measuring strength is furnished by certain standard systems couched in the language of second order arithmetic. However, its language is not expressive enough to be able to talk about higher order objects, such as function spaces, directly. Richer formal systems, in which higher order mathematical objects can be directly accounted for, have been suggested. The price for maintaining conservativity over elementary theories, however, is that one has to use different logics for different ontological realms, allowing classical logic to reign at the level of numbers whereas higher type mathematical objects obey only intuitionistic logic. In the talk, I'd like to present some of these semi-intuitionistic systems, give a feel for carrying out mathematics within them, and relate them to systems considered in RM.""</p>",,,,"7531e985-7fe3-4f0c-bbdb-f90da6ef31b4",2025-01-01T21:14:55Z,2026-08-10T17:53:53Z,"a34441b1-7f31-46ec-96f6-151996c45e08","[""35ba4779-456a-4e6c-adcc-e8d34bbfa4ec""]",,,
"Guy Lev (TAU)","LiP Advanced Graduate tutorial – Boo murder, hurray numbers: Expressivism and validity",,,,,"77cb6eba-5275-4734-bd38-1f349287ff98",2025-11-13T09:56:07Z,2026-08-10T17:53:53Z,"19073a90-ce5e-44e4-8704-45403682df10","[""59e1d5fd-7a17-4db7-a652-ffcefdce5ff7""]",,,
"Warren Goldfarb","Remarks on “Notes on Metamathematics Part I”","""About the pedagogical reasons for the expository and mathematical choices I made in Notes on Metamathematics. This presentation is intended as a framework for discussion. Questions are expected.""",,,,"7c209d20-0d93-4e28-bb33-51af07236c7c",2025-01-01T21:14:55Z,2026-08-10T17:53:53Z,"a34441b1-7f31-46ec-96f6-151996c45e08","[""35ba4779-456a-4e6c-adcc-e8d34bbfa4ec""]",,,
"Richard Zach","Quasi-Tutorial on Hilbert, consistency proofs and epsilon-0","A session on Hilbert’s program, focusing on the nature and role of consistency proofs in early 20th-century logic. Includes discussion of the epsilon-substitution method and the significance of epsilon-zero for measuring the strength of consistency proofs.","Exposition of Hilbert’s consistency program and the technical apparatus for proving consistency within foundational systems.",,,"7d172cd3-42ce-455c-9cec-27eb2c862496",2025-03-14T12:33:46Z,2026-08-10T17:53:53Z,"a34441b1-7f31-46ec-96f6-151996c45e08","[""93581b61-02a0-440c-b71c-e73f86690628""]",,,
"Ofra Rechter (Tel Aviv)","Proof Theory – The fruits of proof theory: Some consequences",,,,,"855d12c9-1311-4fa9-a8b7-6c2ad29ff417",2025-11-13T09:56:07Z,2026-08-10T17:53:53Z,"19073a90-ce5e-44e4-8704-45403682df10","[""59e1d5fd-7a17-4db7-a652-ffcefdce5ff7""]",,,
"Warren Goldfarb","On Gödel’s General Philosophical Outlook","""The paper discusses Gödel’s notion of mathematical intuition, arguing that it is not basic for him, but rather “epistemological optimism” underlies it (and a version of the principle of sufficient reason underlies that).""",,,,"8724733c-a6cb-4783-8226-c70717908265",2025-01-01T21:14:55Z,2026-08-10T17:53:53Z,"a34441b1-7f31-46ec-96f6-151996c45e08","[""35ba4779-456a-4e6c-adcc-e8d34bbfa4ec""]",,,
"Giulio Fellin","Constructive Reasoning in Mathematics and Logic: Foundations, Proof Techniques, and Conservation","We examine the foundations and implications of constructivism in mathematics and logic, tracing its evolution from classical to modern approaches. We begin by outlining the philosophical and methodological shifts that distinguish constructivism—particularly intuitionism—from classical reasoning. We delve into the Brouwer–Heyting–Kolmogorov (BHK) interpretation, highlighting how it reinterprets traditional proofs. We also address the limitations imposed by intuitionistic principles on widely accepted mathematical constructs such as the Axiom of Choice. Finally, we consider which parts of classical mathematics can be directly translated into constructive terms, focusing on conservativity results, including Glivenko’s Theorem.","Overview of the historical and conceptual foundations of constructivism, contrasting intuitionistic and classical reasoning, and examining key conservation results.",,,"87566e35-3ea2-4436-b547-43f0e874dbd0",2025-03-14T12:33:46Z,2026-08-10T17:53:53Z,"a34441b1-7f31-46ec-96f6-151996c45e08","[""93581b61-02a0-440c-b71c-e73f86690628""]",,,
"Edi Pavlović","Proof Theory Tutorial (ii): Sequent calculi and their employment","Having obtained well-behaved proof systems, we now want to utilize them. In this session, we explore how sequent calculi can be applied effectively in logic, mathematics, and beyond.","Exploration of practical applications of sequent calculi and techniques for employing them in proofs.",,,"88f60d34-910b-4e8a-9a6d-cf212d5e52fd",2025-03-14T12:33:46Z,2026-08-10T17:53:53Z,"a34441b1-7f31-46ec-96f6-151996c45e08","[""93581b61-02a0-440c-b71c-e73f86690628""]",,,
"Norbert Grazl","Living Within One’s Means","""This talk presents a particular view on potential infinity that builds essentially on a generative process",,,,"8d5f9300-cbb1-4f5a-a730-eef229df9136",2025-01-01T21:14:55Z,2026-08-10T17:53:53Z,"a34441b1-7f31-46ec-96f6-151996c45e08","[""35ba4779-456a-4e6c-adcc-e8d34bbfa4ec""]",,,
"Balthasar Grabmayr","On the Limits of Mathematics and Their Philosophical Consequences","""There is a well-known gap between metamathematical theorems and their philosophical interpretations. Take Tarski's Theorem. According to its prevalent interpretation, the collection of all arithmetical truths is not arithmetically definable. However, the underlying metamathematical theorem merely establishes the arithmetical undefinability of a set of specific Gödel codes of certain artefactual entities, such as infix strings, which are true in the standard model. That is, as opposed to its philosophical reading, the metamathematical theorem is formulated (and proved) relative to a specific choice of the Gödel numbering and the notation system. Similar observations apply to Gödel and Church's theorems, which are commonly taken to impose severe limitations on what can be proved and computed using the resources of certain formalisms. The philosophical force of these limitative results heavily relies on the belief that these theorems do not depend on contingencies regarding the underlying representation choices. The main aim of this talk is to put this belief under scrutiny by exploring the extent to which we can abstract away from specific representations in the formulations and proofs of several metamathematical results. The talk is based on technical results which are contained in the following three papers: (2024) A Step Towards Absolute Versions of Metamathematical Results Journal of Philosophical Logic, 53: 247–291 [Official Publication (open access)] (2023) Self-Reference Upfront: A Study of Self-Referential Gödel Numberings (with Albert Visser) Review of Symbolic Logic, 16 (2): 385–424 [Official Publication (open access)] (2021) On the Invariance of Gödel’s Second Theorem with regard to Numberings Review of Symbolic Logic, 14 (1): 51-84 [Official Publication (open access)]""",,,,"93d828d2-190c-4b59-ba6a-0102125cc2a6",2025-01-01T21:14:55Z,2026-08-10T17:53:53Z,"a34441b1-7f31-46ec-96f6-151996c45e08","[""35ba4779-456a-4e6c-adcc-e8d34bbfa4ec""]",,,
"Tom Kirkpatrick (TAU)","LiP Advanced Graduate tutorial – Lex specialis derogat legi generali – the logical content",,,,,"9824f53d-f7cb-4b16-b4ea-7584458f0ce6",2025-11-13T09:56:07Z,2026-08-10T17:53:53Z,"19073a90-ce5e-44e4-8704-45403682df10","[""59e1d5fd-7a17-4db7-a652-ffcefdce5ff7""]",,,
"Zvonimir Šikić (Rijeka)","Philosophy of Mathematics Essentials – Finite numbers and their logic (Part II)",,,,,"9c6f9956-2671-4a9f-abb9-3ed00ba532b9",2025-11-13T09:56:07Z,2026-08-10T17:53:53Z,"19073a90-ce5e-44e4-8704-45403682df10","[""59e1d5fd-7a17-4db7-a652-ffcefdce5ff7""]",,,
"Douglas Blue","Recent Foundational/Philosophically Interesting Work on Very Large Cardinals","""Expository Notes on some recent foundational/philosophically interesting work on very large cardinals, work inspired by that of W. W. Tait.""",,,,"a5023b28-2fc9-45fb-be19-e472ad52a7b9",2025-01-01T21:14:55Z,2026-08-10T17:53:53Z,"a34441b1-7f31-46ec-96f6-151996c45e08","[""35ba4779-456a-4e6c-adcc-e8d34bbfa4ec""]",,,
"Ofra Rechter","Tutorial section II: ‘Mathematical Intuition’ from a Critical Finitary point view","A closer look at mathematical intuition through the lens of finitary approaches. We discuss how strict finitists approach questions of existence, proof, and meaning, and examine whether conventional accounts of intuition withstand finitary critique.","Second part of an ongoing discussion of mathematical intuition, now from a stricter, finitist perspective.",,,"b342165b-2b7e-43bc-888f-32a5495f2048",2025-03-14T12:33:46Z,2026-08-10T17:53:53Z,"a34441b1-7f31-46ec-96f6-151996c45e08","[""93581b61-02a0-440c-b71c-e73f86690628""]",,,
"Peter Koellner","Disagreements in mathematics: the case of CH (Continuum Hypothesis)","Cantor’s Continuum Hypothesis (CH) is famous for its independence from standard set-theoretic axioms. On its face, mathematics appears exact, yet CH raises questions about absolute undecidability and the possibility of persistent disagreement even in mathematics. We survey historical perspectives, Gödel’s incompleteness results, and modern developments, focusing on whether expanding our base of axioms can or should settle CH definitively. Recent theorems—some joint with Hugh Woodin—recast CH as self-referential within this debate, essentially inviting us to let a thousand flowers bloom.","Examination of the nature of mathematical disagreements through the independence of the Continuum Hypothesis, with implications for foundational expansions and persistent controversies.",,,"b81e5d02-326a-42dc-852e-e711056d1cad",2025-03-14T12:33:46Z,2026-08-10T17:53:53Z,"a34441b1-7f31-46ec-96f6-151996c45e08","[""93581b61-02a0-440c-b71c-e73f86690628""]",,,
"Edi Pavlović (Bayreuth)","Proof Theory – Modal logics & geometrization",,,,,"ba45db09-536b-48d9-9c88-20e020987869",2025-11-13T09:56:07Z,2026-08-10T17:53:53Z,"19073a90-ce5e-44e4-8704-45403682df10","[""59e1d5fd-7a17-4db7-a652-ffcefdce5ff7""]",,,
"Zvonimir Šikić","What are Laws and what are they for?","This session investigates the notion of laws—mathematical, scientific, or logical—and what roles they fulfill in our conceptual frameworks. We ask: Are laws merely convenient regularities, or do they have deeper ontological significance?","Philosophical exploration of the concept of laws—why we formulate them, how we use them, and their status in our theories.",,,"bb9afbce-0d4a-46e6-8b61-13da05dba291",2025-03-14T12:33:46Z,2026-08-10T17:53:53Z,"a34441b1-7f31-46ec-96f6-151996c45e08","[""93581b61-02a0-440c-b71c-e73f86690628""]",,,
"Edi Pavlovic","Is, Ought, and Cut","""In this talk we offer a case study of utilizing logic to obtain philosophical results. We examine a range of deontic logics and their philosophical motivations. We distinguish syntactically between normative and descriptive statements and show, using proof-theoretic methods, that for the entire range of logics it is a (meta)theorem that the Special Hume Thesis holds, namely that no purely normative conclusion follows non-trivially from purely descriptive premises (nor, in fact, vice versa). In this way we identify a metanormative constraint which allows us to dismiss certain arguments as unconvincing based simply on their form. We finish up by laying out ways in which this project can be extended to further uses of logic in philosophy.""",,,,"bf99f413-65ce-44b3-857b-75858593b9dc",2025-01-01T21:14:55Z,2026-08-10T17:53:53Z,"a34441b1-7f31-46ec-96f6-151996c45e08","[""35ba4779-456a-4e6c-adcc-e8d34bbfa4ec""]",,,
"Edi Pavlović (Bayreuth)","Geometrization – LiP tutorial",,,,,"da0e4887-04ab-480a-98d1-0f1f4a16467b",2025-11-13T09:56:07Z,2026-08-10T17:53:53Z,"19073a90-ce5e-44e4-8704-45403682df10","[""59e1d5fd-7a17-4db7-a652-ffcefdce5ff7""]",,,
"Ante Debeljuh (Rijeka)","LiP Advanced Graduate tutorial – The basics of formal epistemology",,,,,"dfd317d1-f705-4454-b38c-4c221c74b83a",2025-11-13T09:56:07Z,2026-08-10T17:53:53Z,"19073a90-ce5e-44e4-8704-45403682df10","[""59e1d5fd-7a17-4db7-a652-ffcefdce5ff7""]",,,
"Edi Pavlović (Bayreuth) & Norbert Gratzl (LMU)","Proof Theory – Geometrization",,,,,"e4c05978-5786-4fdc-add7-7ee790d145cd",2025-11-13T09:56:07Z,2026-08-10T17:53:53Z,"19073a90-ce5e-44e4-8704-45403682df10","[""59e1d5fd-7a17-4db7-a652-ffcefdce5ff7""]",,,
"Edi Pavlović (Bayreuth)","Proof Theory – Sequent calculi and their properties",,,,,"e8d7384c-81d3-44af-a54f-7f02c9015661",2025-11-13T09:56:07Z,2026-08-10T17:53:53Z,"19073a90-ce5e-44e4-8704-45403682df10","[""59e1d5fd-7a17-4db7-a652-ffcefdce5ff7""]",,,
,,,,,,"ed41afc7-88cf-4218-8e4b-49640ede4574",2025-03-17T16:14:48Z,2026-08-10T17:53:53Z,"a34441b1-7f31-46ec-96f6-151996c45e08",,,,
"Zvonimir Šikić (Rijeka)","Philosophy of Mathematics Essentials – Finite numbers and their logic (Part I)",,,,,"eda8a601-4de8-4039-8c43-57923502cee2",2025-11-13T09:56:07Z,2026-08-10T17:53:53Z,"19073a90-ce5e-44e4-8704-45403682df10","[""59e1d5fd-7a17-4db7-a652-ffcefdce5ff7""]",,,
"Edi Pavlović (Bayreuth) & Norbert Gratzl (LMU)","Proof Theory – Modal logics",,,,,"f49ad5bf-2d25-46b9-a49b-da039c050d45",2025-11-13T09:56:07Z,2026-08-10T17:53:53Z,"19073a90-ce5e-44e4-8704-45403682df10","[""59e1d5fd-7a17-4db7-a652-ffcefdce5ff7""]",,,
"Paolo Mancosu",,,,,,"f7c63889-8546-4f87-a964-90cecdbef921",2025-03-14T13:36:56Z,2026-08-10T17:53:53Z,"a34441b1-7f31-46ec-96f6-151996c45e08",,,,
"Ofra Rechter (Tel Aviv)","Proof Theory – The roots of proof theory: Foundational background",,,,,"f8165ad4-b315-4581-b926-b28fac154808",2025-11-13T09:56:07Z,2026-08-10T17:53:53Z,"19073a90-ce5e-44e4-8704-45403682df10","[""59e1d5fd-7a17-4db7-a652-ffcefdce5ff7""]",,,
"Montgomery Link","Gödel’s Project on the Continuum","In his later work, Gödel developed an extensive study of the continuum problem which included new axioms and generalized notions of definability. This talk traces a specific pattern of generalization present in Gödel’s approach, reflecting on how it might reshape our understanding of the continuum and of set-theoretic practice.","Analyzes Gödel’s late thinking on the continuum hypothesis, highlighting the pattern of generalization that characterizes his quest for new axioms in set theory.",,,"fe640bfa-042f-4e61-b566-c08c9ffc0a1a",2025-03-14T12:33:46Z,2026-08-10T17:53:53Z,"a34441b1-7f31-46ec-96f6-151996c45e08","[""93581b61-02a0-440c-b71c-e73f86690628""]",,,
